CustomerID,Gender,Age,Tenure,PaymentMethod,ContractType,MonthlyCharges,TotalCharges,SupportCalls,Churn
CUST0753,Female,60,7,Credit Card,Month-to-month,87.53,645.99,2,1
CUST0520,Male,29,12,PayPal,One year,46.84,543.83,2,0
CUST0211,Female,40,40,Bank Transfer,Two year,45.94,1842.7,1,0
CUST0612,Female,19,12,Bank Transfer,Month-to-month,55.39,667.64,0,0
CUST0915,Female,41,18,Bank Transfer,Month-to-month,73.96,1340.17,2,0
CUST0535,Female,71,67,Bank Transfer,One year,42.81,2873.78,4,0
CUST0842,Female,66,68,Bank Transfer,Two year,41.76,2860.76,2,0
CUST0200,Female,60,25,Credit Card,Month-to-month,109.59,2748.82,1,0
CUST0216,Male,50,5,Credit Card,Month-to-month,98.23,447.85,3,1
CUST0589,Male,33,58,Bank Transfer,Month-to-month,36.16,2095.55,1,0
CUST0595,Female,53,22,Bank Transfer,Month-to-month,61.11,1322.48,0,0
CUST0430,Male,46,47,PayPal,Two year,30.49,1449.34,1,0
CUST0548,Female,21,10,Bank Transfer,Month-to-month,83.67,823.5,0,0
CUST0598,Male,70,33,Credit Card,Month-to-month,42.98,1419.47,3,1
CUST0741,Male,60,35,PayPal,Month-to-month,80.66,2837.6,1,0
CUST0406,Female,68,57,Bank Transfer,One year,47.19,2699.56,2,0
CUST0986,Female,26,23,Credit Card,Two year,61.77,1431.52,3,0
CUST0356,Female,56,6,PayPal,Month-to-month,86.12,525.03,0,0
CUST0667,Male,45,35,Credit Card,Month-to-month,56.21,1973.49,1,0
CUST0824,Male,72,29,PayPal,Month-to-month,63.87,1849.82,1,0
CUST0754,Male,19,22,Credit Card,Month-to-month,47.96,1041.92,1,0
CUST0140,Female,43,36,Bank Transfer,Two year,19.87,726.6,0,0
CUST0257,Female,60,13,Credit Card,One year,26.75,337.11,0,0
CUST0770,Female,68,4,Credit Card,One year,27.0,114.72,0,0
CUST0929,Female,73,9,Bank Transfer,Two year,26.01,271.96,2,0
CUST0808,Female,32,1,Credit Card,Month-to-month,21.75,53.35,1,1
CUST0250,Female,25,22,Bank Transfer,Month-to-month,41.8,934.82,2,1
CUST0214,Male,69,61,PayPal,Two year,50.13,3059.93,0,0
CUST0313,Male,24,70,Bank Transfer,Month-to-month,45.52,3178.39,0,0
CUST0482,Female,26,5,Credit Card,Two year,60.15,300.73,3,0
CUST0950,Female,48,53,Bank Transfer,Two year,44.47,2370.16,1,0
CUST0137,Female,21,68,PayPal,Month-to-month,28.78,1975.73,0,0
CUST0060,Male,46,54,Bank Transfer,One year,49.38,2662.67,1,0
CUST0360,Female,22,43,Bank Transfer,Month-to-month,83.54,3579.54,4,0
CUST0281,Female,46,20,Bank Transfer,Month-to-month,44.04,860.65,1,0
CUST0600,Male,59,36,PayPal,Month-to-month,54.02,1935.67,1,0
CUST0962,Female,63,60,Bank Transfer,Month-to-month,98.99,5956.03,0,0
CUST0310,Male,45,32,PayPal,Month-to-month,95.99,3066.61,2,0
CUST0175,Female,23,58,Bank Transfer,Month-to-month,62.95,3646.91,4,0
CUST0433,Female,64,16,Bank Transfer,Two year,16.28,285.25,2,0
CUST0637,Female,20,29,Credit Card,Two year,28.38,830.99,3,0
CUST0892,Female,47,60,Bank Transfer,One year,75.14,4508.61,3,0
CUST0429,Male,36,28,Bank Transfer,Month-to-month,73.94,2095.34,1,0
CUST0594,Male,43,36,Credit Card,One year,78.76,2843.47,3,0
CUST0291,Male,21,7,Credit Card,One year,95.06,654.87,1,0
CUST0071,Female,46,59,Credit Card,Two year,74.76,4433.01,2,0
CUST0995,Male,34,45,PayPal,Month-to-month,93.45,4213.58,1,0
CUST0097,Female,27,44,Credit Card,One year,30.26,1346.12,0,0
CUST0011,Male,33,71,Credit Card,Month-to-month,48.56,3447.76,2,0
CUST0297,Female,31,35,Credit Card,Month-to-month,40.15,1391.47,4,0
CUST0854,Female,37,39,PayPal,Two year,83.51,3258.11,4,0
CUST0581,Male,46,12,Credit Card,Month-to-month,96.7,1150.42,1,0
CUST0287,Male,24,4,Credit Card,Two year,17.32,63.11,1,0
CUST0102,Female,72,57,PayPal,One year,96.18,5482.26,1,0
CUST0498,Male,46,61,Bank Transfer,Two year,69.15,4222.51,1,0
CUST0733,Female,41,28,Bank Transfer,Month-to-month,40.73,1146.22,3,1
CUST0469,Male,60,22,PayPal,Month-to-month,61.78,1354.63,0,0
CUST0706,Female,44,65,Credit Card,Two year,82.5,5358.12,2,0
CUST0031,Female,74,38,Credit Card,Month-to-month,77.79,2965.49,1,0
CUST0366,Male,33,5,Credit Card,Month-to-month,63.03,313.33,0,0
CUST0885,Female,48,51,Credit Card,Month-to-month,22.6,1160.79,2,0
CUST0077,Female,45,2,Credit Card,Month-to-month,48.78,115.46,2,1
CUST0395,Male,71,7,Credit Card,Two year,49.93,347.77,0,0
CUST0055,Female,40,13,PayPal,Two year,67.47,857.61,3,0
CUST0024,Male,22,54,PayPal,Month-to-month,71.65,3887.63,1,0
CUST0896,Male,70,41,Bank Transfer,Two year,26.34,1062.94,3,0
CUST0445,Female,65,21,PayPal,Month-to-month,43.56,927.98,2,1
CUST0255,Male,26,17,Bank Transfer,Two year,69.96,1204.02,2,1
CUST0431,Male,27,30,Bank Transfer,One year,90.11,2700.55,1,0
CUST0286,Male,39,18,Bank Transfer,Month-to-month,30.97,550.71,0,0
CUST0549,Female,69,60,Credit Card,Month-to-month,84.06,5044.93,4,0
CUST0658,Male,40,66,Credit Card,Two year,27.56,1826.83,1,0
CUST0159,Male,62,16,PayPal,Month-to-month,27.38,426.51,0,1
CUST0875,Male,40,35,Bank Transfer,Two year,35.56,1270.27,1,0
CUST0650,Female,39,16,Bank Transfer,Month-to-month,82.54,1300.17,0,0
CUST0811,Female,39,70,Bank Transfer,Month-to-month,104.22,7285.23,6,0
CUST0536,Female,32,27,Credit Card,Two year,35.09,941.19,3,0
CUST0681,Female,65,43,Credit Card,Month-to-month,105.69,4514.47,2,0
CUST0690,Male,57,39,PayPal,Month-to-month,23.37,916.44,0,0
CUST0530,Female,62,40,Bank Transfer,Two year,69.86,2810.9,5,1
CUST0519,Female,23,50,Credit Card,One year,24.83,1250.31,0,0
CUST0409,Female,26,42,Bank Transfer,Two year,55.28,2291.98,1,0
CUST0040,Male,58,6,Credit Card,Month-to-month,46.62,271.94,0,1
CUST0308,Male,66,50,PayPal,One year,43.48,2147.84,1,0
CUST0671,Male,39,4,Credit Card,One year,48.21,191.2,2,1
CUST0920,Male,54,18,Bank Transfer,Month-to-month,49.07,885.36,4,1
CUST0480,Female,71,4,Bank Transfer,Two year,54.26,201.12,1,0
CUST0067,Male,58,23,Credit Card,Month-to-month,83.63,1930.92,1,0
CUST0531,Female,35,50,Credit Card,One year,85.76,4271.31,0,0
CUST0068,Female,74,46,Credit Card,Month-to-month,79.63,3661.12,1,0
CUST0716,Female,30,26,PayPal,Month-to-month,24.23,619.69,2,0
CUST0236,Female,55,56,Credit Card,One year,56.78,3164.14,2,0
CUST0537,Female,37,54,Credit Card,One year,74.39,4023.49,0,0
CUST0108,Female,37,42,PayPal,Two year,30.87,1286.38,0,0
CUST0927,Male,57,27,Bank Transfer,Two year,23.66,627.9,1,0
CUST0532,Female,19,43,Bank Transfer,Two year,66.71,2878.19,0,0
CUST0634,Female,64,13,PayPal,Month-to-month,28.61,362.25,0,1
CUST0543,Male,20,54,Bank Transfer,Two year,73.02,3917.75,3,0
CUST0555,Female,47,22,Credit Card,Month-to-month,36.54,792.4,1,0
CUST0799,Female,58,30,Credit Card,Two year,41.34,1203.95,1,0
CUST0245,Male,18,65,PayPal,Two year,79.09,5140.85,1,0
CUST0661,Male,41,8,Bank Transfer,Month-to-month,84.73,692.98,1,0
CUST0884,Male,64,4,PayPal,Month-to-month,100.62,400.63,0,1
CUST0590,Male,40,22,Bank Transfer,One year,40.79,895.28,1,0
CUST0089,Female,20,52,PayPal,Two year,64.99,3405.87,2,0
CUST0064,Male,41,17,Bank Transfer,Month-to-month,43.94,739.89,5,1
CUST0887,Female,74,45,Credit Card,One year,20.62,963.59,1,0
CUST0343,Male,46,43,PayPal,Month-to-month,94.68,4056.27,2,1
CUST0276,Female,54,23,Credit Card,One year,40.64,934.14,2,0
CUST0707,Male,49,59,Bank Transfer,Month-to-month,109.78,6501.26,2,0
CUST0858,Male,43,9,Bank Transfer,Month-to-month,104.81,940.3,1,1
CUST0618,Male,28,32,Bank Transfer,Month-to-month,75.55,2433.94,0,0
CUST0210,Male,70,67,PayPal,Two year,24.78,1646.69,1,0
CUST0110,Male,58,11,Credit Card,Two year,61.8,688.69,3,1
CUST0278,Female,45,26,PayPal,One year,89.81,2343.27,2,0
CUST0185,Male,69,12,Credit Card,One year,42.64,495.5,0,0
CUST0906,Female,28,26,Credit Card,Month-to-month,60.51,1563.28,1,0
CUST0483,Male,73,20,Bank Transfer,Two year,74.0,1465.55,1,1
CUST0307,Female,22,71,Bank Transfer,Month-to-month,109.44,7769.93,1,0
CUST0689,Female,24,56,Bank Transfer,Month-to-month,47.16,2630.57,2,0
CUST0975,Male,18,16,Credit Card,Month-to-month,47.3,756.8,3,1
CUST0826,Female,32,62,Bank Transfer,Two year,20.12,1241.94,2,0
CUST0880,Male,37,67,Bank Transfer,Month-to-month,32.0,2156.33,0,0
CUST0786,Female,44,16,PayPal,Month-to-month,84.38,1332.84,2,0
CUST0120,Female,70,64,Credit Card,Two year,26.31,1685.28,1,0
CUST0613,Female,47,16,Bank Transfer,Month-to-month,75.5,1209.57,1,1
CUST0837,Female,47,37,Credit Card,Two year,58.31,2169.32,2,0
CUST0087,Female,29,52,Bank Transfer,Month-to-month,23.63,1229.09,1,0
CUST0674,Female,49,43,PayPal,Month-to-month,104.98,4508.28,3,0
CUST0322,Female,18,4,Credit Card,One year,77.77,322.99,2,0
CUST0282,Male,28,6,Bank Transfer,Month-to-month,68.12,395.96,2,0
CUST0558,Male,66,41,Bank Transfer,Month-to-month,22.23,918.74,0,0
CUST0351,Female,26,6,PayPal,One year,33.06,182.09,3,1
CUST0757,Female,42,57,PayPal,Month-to-month,62.02,3542.64,3,0
CUST0399,Female,60,42,Bank Transfer,One year,51.46,2140.98,5,0
CUST0306,Female,46,17,PayPal,Month-to-month,83.8,1437.57,1,0
CUST0632,Female,55,32,Credit Card,One year,39.48,1279.6,1,0
CUST0463,Female,66,45,Credit Card,One year,78.33,3530.84,1,0
CUST0765,Male,51,34,Credit Card,Month-to-month,88.12,2988.02,1,0
CUST0491,Male,68,9,Credit Card,Month-to-month,58.59,528.33,1,0
CUST0818,Male,31,33,PayPal,Month-to-month,91.28,2986.96,2,0
CUST0862,Male,69,32,Bank Transfer,Month-to-month,81.95,2621.63,3,0
CUST0534,Female,62,12,Credit Card,Month-to-month,86.49,1065.65,3,1
CUST0061,Male,73,36,PayPal,Month-to-month,97.71,3540.06,0,0
CUST0597,Female,54,56,Credit Card,Month-to-month,30.28,1640.23,0,0
CUST0056,Female,31,45,Credit Card,One year,64.9,2911.29,2,0
CUST0121,Female,51,54,PayPal,Two year,63.36,3404.58,4,0
CUST0901,Male,59,10,Bank Transfer,Month-to-month,27.16,261.77,2,0
CUST0026,Female,29,39,Bank Transfer,Month-to-month,22.78,871.92,2,0
CUST0073,Male,34,39,Credit Card,Month-to-month,86.23,3367.38,1,0
CUST0045,Male,47,49,PayPal,Two year,72.93,3592.11,6,0
CUST0260,Male,66,45,Bank Transfer,Month-to-month,44.71,2008.25,2,0
CUST0209,Male,66,64,Credit Card,Month-to-month,22.99,1472.06,2,0
CUST0295,Male,72,63,PayPal,Month-to-month,58.53,3698.4,2,0
CUST0994,Female,57,23,Credit Card,Month-to-month,97.6,2254.95,3,0
CUST0714,Male,32,25,Bank Transfer,Month-to-month,105.91,2641.54,0,0
CUST0299,Female,67,20,Bank Transfer,Month-to-month,59.48,1179.29,1,1
CUST0787,Female,72,47,Bank Transfer,Two year,86.07,4041.36,1,0
CUST0446,Female,64,64,Credit Card,Month-to-month,76.18,4877.87,2,0
CUST0335,Male,72,8,PayPal,Month-to-month,99.06,806.12,1,1
CUST0654,Female,32,65,Credit Card,Month-to-month,51.13,3316.03,1,0
CUST0169,Male,26,64,Credit Card,One year,84.46,5423.22,0,0
CUST0248,Female,44,42,Credit Card,Two year,66.8,2804.66,4,0
CUST0845,Male,53,66,PayPal,One year,27.34,1802.68,1,0
CUST0955,Male,40,65,PayPal,Two year,83.52,5393.73,3,0
CUST0778,Female,37,36,Bank Transfer,Month-to-month,48.02,1740.36,2,0
CUST0332,Female,41,31,Bank Transfer,Month-to-month,108.27,3368.11,3,0
CUST0311,Male,38,36,Credit Card,One year,92.18,3336.82,0,0
CUST0514,Female,65,1,Credit Card,One year,33.53,51.26,1,0
CUST0605,Male,71,23,Credit Card,Month-to-month,58.25,1327.3,2,0
CUST0606,Male,33,16,Bank Transfer,One year,49.01,798.6,2,0
CUST0850,Female,61,57,Bank Transfer,Month-to-month,43.28,2451.62,3,0
CUST0486,Female,46,58,Credit Card,Two year,54.57,3177.92,0,0
CUST0424,Female,60,63,Credit Card,Month-to-month,45.41,2870.15,1,0
CUST0603,Male,30,38,Credit Card,One year,82.15,3124.25,2,0
CUST0199,Female,34,46,Bank Transfer,One year,65.19,3011.37,2,0
CUST0345,Male,59,23,Bank Transfer,Two year,45.61,1022.76,1,0
CUST0894,Male,37,15,Credit Card,One year,78.8,1190.25,0,0
CUST0833,Male,20,3,Bank Transfer,Month-to-month,49.19,138.42,0,0
CUST0639,Male,18,25,PayPal,Two year,27.85,693.31,1,0
CUST0334,Male,62,66,PayPal,One year,58.8,3888.51,0,0
CUST0454,Female,43,63,Bank Transfer,Month-to-month,85.26,5388.51,1,0
CUST0328,Female,40,8,PayPal,Month-to-month,95.28,756.33,0,1
CUST0111,Male,71,43,PayPal,Month-to-month,55.85,2401.49,0,0
CUST0829,Female,71,52,PayPal,Month-to-month,69.26,3606.1,1,0
CUST0960,Female,28,19,PayPal,Two year,31.85,559.37,1,0
CUST0353,Female,68,18,Bank Transfer,One year,35.0,661.95,5,1
CUST0266,Female,35,54,Credit Card,One year,84.02,4510.1,1,0
CUST0912,Male,37,69,PayPal,Month-to-month,72.31,4980.03,2,0
CUST0747,Male,27,51,Credit Card,One year,65.41,3356.38,1,0
CUST0421,Female,45,13,Credit Card,Month-to-month,84.32,1090.77,5,1
CUST0812,Female,39,44,PayPal,One year,55.02,2415.85,2,0
CUST0635,Male,20,35,PayPal,One year,51.95,1808.97,1,0
CUST0588,Male,34,34,Bank Transfer,One year,45.31,1540.39,3,0
CUST0663,Female,54,51,PayPal,Month-to-month,48.46,2457.39,1,0
CUST0852,Female,60,16,PayPal,Month-to-month,91.48,1465.37,2,1
CUST0138,Female,18,49,Bank Transfer,One year,87.12,4258.06,3,0
CUST0371,Male,26,65,PayPal,One year,61.02,3955.04,2,0
CUST0382,Female,40,47,Credit Card,Two year,65.59,3055.16,1,0
CUST0781,Female,31,27,Credit Card,Month-to-month,95.55,2582.07,0,0
CUST0761,Male,40,33,Bank Transfer,Month-to-month,59.92,1998.13,0,0
CUST0683,Male,42,26,Bank Transfer,Month-to-month,108.72,2819.95,1,0
CUST0848,Female,28,42,Credit Card,Month-to-month,84.16,3538.69,5,0
CUST0333,Male,42,45,Credit Card,One year,67.08,3051.31,2,0
CUST0708,Female,27,52,Credit Card,Month-to-month,22.92,1183.4,0,0
CUST0219,Female,22,37,Bank Transfer,Two year,45.57,1707.94,3,0
CUST0426,Female,64,8,PayPal,Two year,79.12,638.66,4,0
CUST0449,Male,66,55,PayPal,Month-to-month,102.55,5641.33,2,0
CUST0723,Male,71,13,Credit Card,Two year,69.34,883.96,1,0
CUST0363,Male,34,63,Bank Transfer,Month-to-month,65.73,4136.93,2,0
CUST0079,Male,22,30,Credit Card,Two year,25.91,791.16,1,0
CUST0030,Male,22,63,PayPal,One year,38.54,2412.78,4,0
CUST0944,Female,49,45,Bank Transfer,One year,48.85,2201.33,1,0
CUST0952,Female,55,14,Credit Card,One year,84.0,1171.39,1,1
CUST0238,Male,53,31,Bank Transfer,Month-to-month,29.49,903.17,1,0
CUST0653,Female,70,67,Credit Card,Month-to-month,96.59,6481.06,0,0
CUST0372,Male,46,22,Credit Card,Two year,69.69,1537.81,2,0
CUST0166,Female,18,24,PayPal,Two year,31.68,755.41,0,0
CUST0815,Female,34,18,Credit Card,One year,27.07,489.14,0,0
CUST0179,Female,27,53,PayPal,One year,93.64,4972.39,3,0
CUST0479,Female,42,32,PayPal,Month-to-month,29.55,971.69,2,0
CUST0066,Female,27,58,Bank Transfer,Two year,56.13,3266.03,2,0
CUST0142,Male,27,13,Credit Card,One year,36.73,487.46,2,0
CUST0261,Female,45,6,Credit Card,Two year,60.98,378.05,0,0
CUST0865,Male,63,42,PayPal,Month-to-month,98.05,4133.4,3,1
CUST0709,Male,20,47,Bank Transfer,Month-to-month,41.2,1933.91,1,0
CUST0527,Male,69,4,Credit Card,Month-to-month,32.65,132.58,0,0
CUST0964,Male,22,33,Credit Card,Two year,67.51,2222.64,1,0
CUST0262,Female,50,35,PayPal,One year,24.57,894.31,3,0
CUST0478,Female,33,9,PayPal,Two year,43.39,401.35,0,0
CUST0324,Male,29,28,Credit Card,Month-to-month,59.61,1672.19,4,1
CUST0222,Female,51,69,Credit Card,One year,87.11,6029.49,4,0
CUST0830,Male,37,44,Credit Card,Month-to-month,100.14,4394.92,3,0
CUST0319,Male,52,59,Credit Card,Month-to-month,30.68,1797.99,1,0
CUST0293,Female,32,15,Bank Transfer,Month-to-month,68.38,1025.76,1,0
CUST0949,Female,21,35,Credit Card,Month-to-month,45.04,1551.44,4,0
CUST0050,Male,30,52,Credit Card,Month-to-month,26.06,1317.47,5,0
CUST0738,Female,49,29,Credit Card,One year,95.27,2764.88,3,0
CUST0003,Female,54,32,PayPal,Two year,66.35,2128.44,1,0
CUST0553,Female,49,47,PayPal,Two year,24.74,1165.48,2,0
CUST0378,Male,63,18,Bank Transfer,Two year,64.34,1159.47,0,0
CUST0917,Male,49,13,PayPal,One year,59.63,790.4,2,0
CUST0545,Female,31,38,PayPal,Month-to-month,63.4,2401.7,2,0
CUST0789,Male,35,31,Credit Card,Two year,16.69,503.28,0,0
CUST0702,Male,37,64,Bank Transfer,Two year,46.86,3031.68,2,0
CUST0500,Female,46,53,PayPal,Month-to-month,104.48,5534.34,3,0
CUST0586,Male,23,18,Credit Card,One year,44.29,779.09,3,0
CUST0034,Female,22,28,Credit Card,Two year,24.76,693.28,1,0
CUST0032,Male,45,53,Bank Transfer,One year,40.32,2134.73,4,0
CUST0232,Female,65,64,Credit Card,Month-to-month,43.36,2801.71,2,0
CUST0759,Female,65,50,Credit Card,One year,61.43,3026.59,1,0
CUST0193,Female,26,21,Credit Card,One year,36.88,774.14,1,0
CUST0347,Female,33,6,Credit Card,One year,27.58,166.82,2,1
CUST0004,Female,25,9,Bank Transfer,Month-to-month,49.75,451.86,1,1
CUST0205,Female,37,68,Bank Transfer,One year,60.73,4127.78,0,0
CUST0670,Male,54,39,PayPal,Month-to-month,33.94,1336.38,1,0
CUST0584,Male,26,21,Bank Transfer,Month-to-month,76.12,1613.38,0,0
CUST0320,Male,21,16,Credit Card,Month-to-month,35.47,553.39,5,1
CUST0078,Male,58,17,Bank Transfer,Month-to-month,25.14,414.8,0,0
CUST0085,Male,44,40,PayPal,One year,46.88,1885.87,1,0
CUST0300,Male,74,35,Bank Transfer,Month-to-month,107.97,3799.78,1,0
CUST0083,Male,58,21,Bank Transfer,Month-to-month,38.85,804.61,2,1
CUST0362,Female,40,4,Credit Card,Month-to-month,94.62,393.54,2,0
CUST0381,Male,65,69,Credit Card,Two year,75.39,5201.91,2,0
CUST0834,Male,45,7,Bank Transfer,Month-to-month,105.69,740.3,2,1
CUST0528,Male,74,19,Credit Card,Two year,36.63,696.98,0,0
CUST0784,Male,46,28,Bank Transfer,Two year,28.65,827.15,0,0
CUST0688,Male,46,20,Bank Transfer,Month-to-month,54.39,1089.17,3,1
CUST0290,Female,41,13,Credit Card,Month-to-month,109.27,1424.31,0,0
CUST0006,Male,31,20,Bank Transfer,Two year,45.69,921.66,2,0
CUST0972,Female,65,38,PayPal,Month-to-month,98.44,3725.64,2,0
CUST0484,Female,73,37,Credit Card,Month-to-month,46.97,1697.18,2,0
CUST0098,Male,55,9,Credit Card,One year,30.3,268.95,0,0
CUST0452,Female,56,25,Bank Transfer,Two year,47.02,1179.68,1,0
CUST0679,Female,63,52,Credit Card,Month-to-month,96.25,5006.1,2,1
CUST0881,Male,54,8,Bank Transfer,Month-to-month,96.67,793.37,1,1
CUST0267,Female,73,27,Credit Card,One year,89.07,2404.89,2,0
CUST0437,Male,67,37,Credit Card,Month-to-month,24.91,956.22,2,0
CUST0440,Male,30,15,Bank Transfer,Month-to-month,39.49,579.88,2,0
CUST0315,Female,62,14,Bank Transfer,Two year,17.49,219.83,0,0
CUST0828,Male,57,2,PayPal,Month-to-month,24.55,23.03,3,1
CUST0937,Male,73,48,Credit Card,Two year,72.11,3421.69,2,0
CUST0119,Female,47,37,Credit Card,Month-to-month,88.87,3286.35,2,0
CUST0383,Female,62,30,PayPal,Two year,55.74,1667.57,1,0
CUST0251,Male,68,38,PayPal,Month-to-month,26.57,1009.66,1,0
CUST0450,Male,70,29,Bank Transfer,Month-to-month,69.82,2049.07,3,1
CUST0448,Female,65,27,PayPal,Month-to-month,37.13,1001.72,1,0
CUST0010,Female,67,60,Bank Transfer,Month-to-month,59.65,3579.74,1,0
CUST0197,Female,73,15,PayPal,Month-to-month,31.91,460.92,0,1
CUST0614,Male,47,14,Credit Card,One year,87.72,1222.04,1,0
CUST0082,Female,37,43,Credit Card,Month-to-month,22.22,961.86,0,0
CUST0890,Male,48,67,PayPal,Two year,73.77,4942.91,1,0
CUST0495,Male,58,31,Bank Transfer,One year,45.03,1395.91,0,0
CUST0630,Male,49,54,Bank Transfer,Month-to-month,46.1,2481.8,1,0
CUST0240,Male,73,1,Credit Card,Month-to-month,66.17,51.36,0,1
CUST0971,Female,61,40,Credit Card,Month-to-month,97.96,3914.95,6,1
CUST0212,Female,64,10,Bank Transfer,Two year,20.55,210.7,3,0
CUST0729,Male,39,11,PayPal,Month-to-month,32.0,369.11,0,0
CUST0825,Female,60,33,Bank Transfer,Month-to-month,105.08,3482.17,1,0
CUST0228,Male,28,30,Credit Card,One year,71.52,2151.14,3,0
CUST0869,Female,62,15,Credit Card,Month-to-month,28.73,406.79,2,0
CUST0585,Female,45,10,PayPal,One year,23.11,227.64,2,0
CUST0809,Male,57,58,Credit Card,Month-to-month,36.99,2104.66,3,0
CUST0178,Male,34,35,Credit Card,One year,93.53,3266.27,2,0
CUST0468,Female,34,62,Bank Transfer,Month-to-month,72.51,4505.65,0,0
CUST0508,Female,63,17,Bank Transfer,Month-to-month,64.75,1136.9,1,0
CUST0487,Male,74,68,Credit Card,Month-to-month,75.65,5143.89,0,0
CUST0329,Male,42,24,Bank Transfer,One year,58.7,1418.62,0,0
CUST0752,Female,36,64,Credit Card,One year,59.14,3795.92,2,0
CUST0008,Female,72,44,PayPal,Two year,52.95,2320.81,1,0
CUST0156,Male,45,38,PayPal,Month-to-month,92.29,3509.47,1,0
CUST0550,Female,28,42,Bank Transfer,Month-to-month,100.85,4230.4,1,0
CUST0552,Female,60,42,Bank Transfer,Month-to-month,31.17,1333.24,0,1
CUST0501,Female,19,32,Bank Transfer,Two year,51.45,1642.54,0,0
CUST0990,Female,65,30,Bank Transfer,Two year,28.67,882.31,1,0
CUST0790,Female,73,4,Bank Transfer,Two year,21.42,86.87,3,0
CUST0583,Female,45,24,Bank Transfer,One year,22.02,519.89,1,0
CUST0921,Female,37,59,Bank Transfer,Month-to-month,100.01,5893.73,2,0
CUST0814,Female,64,19,Credit Card,Month-to-month,70.57,1320.32,2,1
CUST0948,Female,39,19,Credit Card,One year,97.91,1864.18,0,0
CUST0576,Female,34,31,Credit Card,One year,41.32,1272.78,4,0
CUST0434,Male,59,14,Bank Transfer,Month-to-month,65.18,912.23,2,0
CUST0539,Male,59,49,Credit Card,Two year,22.68,1108.92,3,0
CUST0592,Female,20,36,PayPal,Two year,50.23,1796.5,2,0
CUST0719,Male,69,51,PayPal,Two year,33.21,1680.9,2,0
CUST0466,Male,18,13,Credit Card,Month-to-month,25.63,353.26,1,0
CUST0775,Female,71,35,PayPal,One year,30.83,1083.8,0,0
CUST0229,Female,33,11,PayPal,Month-to-month,87.17,968.54,0,0
CUST0443,Male,51,52,Bank Transfer,Two year,51.09,2644.52,1,0
CUST0740,Male,32,14,Bank Transfer,Month-to-month,71.95,974.52,2,1
CUST0213,Female,49,52,Credit Card,Month-to-month,55.71,2897.79,0,0
CUST0080,Male,46,13,PayPal,Two year,16.07,200.97,2,0
CUST0149,Male,73,28,PayPal,Month-to-month,27.58,775.34,1,0
CUST0303,Female,55,44,Credit Card,One year,61.5,2703.49,0,0
CUST0568,Male,25,60,Credit Card,Month-to-month,65.6,3923.54,2,1
CUST0989,Male,42,23,Bank Transfer,One year,36.29,829.34,2,0
CUST0886,Male,72,67,Bank Transfer,Two year,33.25,2225.14,2,0
CUST0656,Male,21,53,PayPal,Month-to-month,87.16,4627.1,0,0
CUST0779,Female,55,50,Credit Card,Month-to-month,56.15,2817.14,0,0
CUST0352,Female,46,32,Bank Transfer,Two year,84.46,2699.41,0,0
CUST0134,Male,53,66,Credit Card,One year,81.59,5373.43,3,0
CUST0559,Female,26,34,PayPal,Month-to-month,42.39,1423.12,2,0
CUST0312,Male,67,13,PayPal,Two year,67.69,866.58,2,0
CUST0617,Male,61,46,PayPal,Month-to-month,51.52,2358.21,2,0
CUST0616,Female,27,71,Bank Transfer,Month-to-month,78.84,5593.88,2,0
CUST0801,Female,27,22,PayPal,Two year,53.55,1203.74,7,0
CUST0001,Male,68,39,Credit Card,Month-to-month,62.57,2416.86,2,0
CUST0317,Male,37,68,Bank Transfer,Month-to-month,23.85,1598.64,2,0
CUST0718,Female,52,43,Bank Transfer,Two year,45.17,1933.53,6,0
CUST0807,Female,18,71,Bank Transfer,Two year,19.39,1374.73,2,0
CUST0358,Female,58,67,Bank Transfer,Month-to-month,96.76,6493.05,2,0
CUST0823,Male,50,21,Bank Transfer,One year,81.6,1718.23,2,1
CUST0496,Male,24,35,Bank Transfer,Month-to-month,54.89,1901.79,1,0
CUST0389,Female,54,25,PayPal,One year,93.57,2343.42,2,0
CUST0173,Female,49,5,Bank Transfer,Month-to-month,72.0,344.07,2,1
CUST0126,Male,44,66,Bank Transfer,One year,39.66,2613.18,2,0
CUST0412,Female,28,2,Credit Card,Month-to-month,40.84,78.4,2,1
CUST0785,Male,35,29,Bank Transfer,Two year,52.95,1550.83,5,0
CUST0977,Female,48,35,Credit Card,Two year,41.82,1454.67,1,0
CUST0916,Male,27,62,Bank Transfer,One year,62.58,3899.72,2,0
CUST0091,Male,51,33,PayPal,Two year,60.67,2002.11,2,0
CUST0953,Male,41,45,Bank Transfer,One year,51.81,2339.9,1,0
CUST0182,Male,71,47,Credit Card,Month-to-month,83.51,3913.55,1,0
CUST0364,Female,29,68,Bank Transfer,Month-to-month,75.82,5139.19,3,0
CUST0275,Female,60,49,Bank Transfer,Two year,56.49,2776.96,5,0
CUST0908,Male,67,36,Credit Card,Month-to-month,79.4,2857.98,3,0
CUST0070,Female,43,59,Credit Card,Month-to-month,99.73,5879.28,3,0
CUST0292,Male,45,44,Credit Card,Month-to-month,32.33,1420.67,1,0
CUST0132,Male,46,56,Bank Transfer,Month-to-month,103.36,5771.8,1,0
CUST0301,Male,18,32,Credit Card,Two year,74.17,2407.24,2,0
CUST0523,Female,57,53,Credit Card,Month-to-month,94.49,5015.75,1,0
CUST0327,Female,59,3,Credit Card,Two year,24.32,79.68,1,0
CUST0145,Male,39,32,Credit Card,Month-to-month,25.73,818.03,2,0
CUST0441,Male,71,47,PayPal,One year,88.68,4162.12,4,0
CUST0591,Male,48,70,Bank Transfer,Two year,48.95,3421.67,5,0
CUST0651,Male,27,20,Credit Card,Month-to-month,20.95,417.35,1,0
CUST0136,Male,46,37,Credit Card,Two year,81.65,3014.51,0,0
CUST0425,Male,26,36,PayPal,Month-to-month,27.29,982.44,3,0
CUST0165,Male,36,67,Credit Card,Month-to-month,106.35,7114.58,3,0
CUST0029,Female,50,59,Credit Card,Month-to-month,31.28,1842.83,3,0
CUST0571,Female,65,51,Bank Transfer,Month-to-month,92.46,4728.82,3,0
CUST0194,Female,44,49,Bank Transfer,One year,74.31,3661.54,1,0
CUST0405,Male,64,6,Bank Transfer,One year,76.75,475.96,3,1
CUST0883,Male,34,47,Bank Transfer,Month-to-month,21.23,1019.57,1,0
CUST0170,Female,62,10,Credit Card,Month-to-month,80.9,789.95,1,0
CUST0507,Female,70,60,Bank Transfer,Two year,53.13,3195.89,2,0
CUST0141,Female,42,58,PayPal,Two year,64.19,3750.33,2,0
CUST0174,Male,49,67,Credit Card,Two year,38.17,2557.39,1,0
CUST0007,Male,73,63,Bank Transfer,Month-to-month,37.62,2382.2,0,1
CUST0698,Female,71,11,Credit Card,Month-to-month,60.07,665.53,2,1
CUST0517,Male,25,71,Bank Transfer,Month-to-month,38.63,2748.74,0,0
CUST0074,Female,19,28,Credit Card,Two year,31.0,862.23,2,0
CUST0694,Male,19,11,Credit Card,Month-to-month,75.91,838.47,2,1
CUST0533,Female,30,67,Bank Transfer,Month-to-month,103.57,6925.9,0,0
CUST0239,Female,30,52,PayPal,Month-to-month,69.84,3624.29,2,0
CUST0146,Male,68,60,PayPal,Two year,28.75,1747.31,3,0
CUST0804,Female,18,36,Credit Card,Two year,61.79,2208.17,2,0
CUST0235,Male,35,58,Bank Transfer,One year,64.23,3728.1,4,0
CUST0221,Female,65,59,PayPal,One year,90.5,5347.0,0,0
CUST0494,Male,71,19,Credit Card,Month-to-month,52.22,992.94,0,1
CUST0669,Male,18,20,Credit Card,One year,68.66,1374.63,1,0
CUST0133,Male,58,28,Credit Card,One year,88.58,2486.4,1,0
CUST0938,Female,27,45,PayPal,One year,60.32,2716.95,0,0
CUST0666,Male,50,60,PayPal,Month-to-month,80.28,4819.85,1,0
CUST0186,Female,38,4,PayPal,Two year,26.03,94.5,2,0
CUST0042,Female,39,10,PayPal,One year,44.52,419.17,3,1
CUST0621,Male,34,17,Bank Transfer,Two year,45.11,744.98,2,0
CUST0109,Male,44,62,Bank Transfer,Month-to-month,48.19,2972.12,2,0
CUST0599,Male,39,45,Credit Card,Month-to-month,94.52,4260.39,1,0
CUST0057,Male,40,42,PayPal,Month-to-month,21.31,878.82,3,0
CUST0423,Male,25,17,Credit Card,Two year,47.95,825.2,0,0
CUST0657,Male,49,1,Bank Transfer,Two year,73.75,85.46,1,0
CUST0907,Female,51,41,PayPal,Two year,82.66,3362.11,1,0
CUST0873,Female,44,10,Bank Transfer,Two year,76.84,773.14,3,0
CUST0025,Male,44,4,PayPal,Month-to-month,25.48,109.36,2,1
CUST0544,Female,71,30,Credit Card,One year,83.74,2503.39,1,0
CUST0905,Male,63,60,Bank Transfer,One year,37.78,2249.96,2,0
CUST0540,Male,46,16,Bank Transfer,Two year,54.32,869.12,2,0
CUST0629,Male,35,17,Credit Card,Month-to-month,81.67,1391.08,0,0
CUST0705,Male,48,42,Bank Transfer,Two year,61.18,2557.56,4,0
CUST0940,Female,45,69,Credit Card,Month-to-month,90.77,6279.18,3,0
CUST0339,Male,49,18,Credit Card,Month-to-month,73.3,1341.97,4,1
CUST0052,Female,71,31,Bank Transfer,Month-to-month,35.96,1110.75,2,0
CUST0384,Female,34,25,Credit Card,Month-to-month,41.77,1039.26,0,0
CUST0524,Female,53,71,Credit Card,Month-to-month,86.59,6158.55,0,0
CUST0934,Female,25,8,Bank Transfer,One year,18.55,141.3,2,0
CUST0849,Female,25,25,PayPal,One year,49.83,1243.78,0,1
CUST0265,Female,26,15,Credit Card,One year,73.61,1104.18,1,0
CUST0546,Male,57,28,Bank Transfer,Month-to-month,25.16,692.79,2,0
CUST0722,Male,68,53,Credit Card,Two year,77.24,4100.3,3,0
CUST0693,Female,35,55,Credit Card,Month-to-month,77.11,4237.32,3,0
CUST0396,Female,50,64,PayPal,Month-to-month,62.53,4007.53,0,0
CUST0526,Male,45,24,Credit Card,Month-to-month,30.72,753.06,2,0
CUST0465,Female,70,34,PayPal,One year,19.62,670.69,2,0
CUST0019,Male,50,62,PayPal,Month-to-month,41.83,2598.56,2,0
CUST0909,Male,24,23,Credit Card,Month-to-month,54.99,1233.17,2,0
CUST0502,Female,58,66,Bank Transfer,Two year,66.46,4400.33,1,0
CUST0577,Male,52,57,Credit Card,Two year,68.18,3871.29,1,0
CUST0451,Female,46,20,Bank Transfer,Month-to-month,46.93,927.07,0,0
CUST0368,Female,47,70,PayPal,One year,68.91,4817.15,2,0
CUST0084,Male,66,55,PayPal,Two year,45.97,2523.71,2,0
CUST0062,Male,37,1,PayPal,One year,43.01,34.78,2,0
CUST0939,Male,56,13,Bank Transfer,Two year,62.15,808.47,2,0
CUST0273,Female,53,69,PayPal,Month-to-month,92.73,6382.56,1,0
CUST0361,Male,59,17,PayPal,Month-to-month,65.33,1108.73,3,1
CUST0355,Male,52,40,Bank Transfer,One year,96.54,3864.81,1,0
CUST0515,Male,19,11,Credit Card,One year,63.0,698.7,1,0
CUST0279,Female,35,47,Credit Card,One year,50.29,2365.47,1,0
CUST0013,Female,36,18,PayPal,Two year,20.39,378.63,1,0
CUST0183,Female,67,34,Bank Transfer,Month-to-month,103.0,3498.57,1,0
CUST0369,Male,74,35,Credit Card,Month-to-month,76.99,2716.49,2,0
CUST0904,Female,36,12,Credit Card,Month-to-month,98.53,1159.09,3,1
CUST0626,Male,68,27,Bank Transfer,Two year,36.49,950.85,1,0
CUST0224,Male,28,2,PayPal,Month-to-month,32.36,74.5,3,1
CUST0582,Female,24,28,Credit Card,Two year,18.95,548.81,2,0
CUST0744,Female,33,67,Credit Card,Month-to-month,91.61,6127.81,1,0
CUST0967,Female,57,52,Credit Card,One year,76.52,3972.16,0,0
CUST0838,Male,30,58,Credit Card,Month-to-month,93.85,5453.19,3,0
CUST0878,Female,52,38,Bank Transfer,Month-to-month,28.15,1075.03,1,0
CUST0619,Female,32,15,Bank Transfer,Two year,79.71,1172.11,1,0
CUST0177,Female,55,15,PayPal,Month-to-month,108.31,1644.02,2,1
CUST0676,Female,32,13,Credit Card,Month-to-month,60.52,781.1,3,0
CUST0750,Female,21,64,Credit Card,One year,28.62,1820.53,1,0
CUST0596,Male,59,61,Bank Transfer,Two year,76.89,4709.78,1,0
CUST0457,Male,30,22,Bank Transfer,Month-to-month,108.72,2372.97,0,0
CUST0529,Male,66,26,PayPal,Month-to-month,66.63,1732.38,2,1
CUST0394,Female,39,45,Bank Transfer,Month-to-month,37.38,1687.85,1,0
CUST0164,Female,53,34,Bank Transfer,Two year,77.9,2619.28,1,0
CUST0249,Female,63,21,PayPal,One year,42.92,894.38,2,0
CUST0645,Male,63,44,Credit Card,Month-to-month,87.66,3850.32,1,1
CUST0943,Female,30,66,PayPal,Month-to-month,96.5,6375.55,1,0
CUST0680,Female,67,53,Bank Transfer,One year,34.69,1876.78,0,0
CUST0376,Male,30,60,PayPal,Month-to-month,93.83,5639.55,1,1
CUST0413,Female,31,59,Credit Card,Month-to-month,96.4,5678.03,5,1
CUST0075,Female,23,61,PayPal,Two year,25.57,1559.57,1,0
CUST0114,Female,36,40,Bank Transfer,Two year,82.35,3321.21,3,0
CUST0579,Female,36,29,Bank Transfer,Month-to-month,97.62,2826.04,0,1
CUST0569,Female,26,66,Bank Transfer,Two year,77.63,5113.02,4,0
CUST0391,Female,61,10,Credit Card,Month-to-month,67.35,688.99,1,1
CUST0105,Female,46,62,PayPal,Two year,68.28,4248.56,0,0
CUST0115,Female,37,23,Bank Transfer,One year,83.78,1905.88,3,0
CUST0418,Male,36,46,Credit Card,Month-to-month,30.03,1370.91,0,0
CUST0991,Female,35,18,PayPal,Month-to-month,97.96,1748.27,1,1
CUST0458,Male,22,16,Bank Transfer,One year,82.09,1301.31,2,0
CUST0410,Male,59,60,PayPal,Month-to-month,38.64,2316.44,1,0
CUST0093,Female,52,52,Bank Transfer,Month-to-month,27.54,1426.04,3,0
CUST0573,Male,56,24,Bank Transfer,Month-to-month,26.27,629.98,3,1
CUST0090,Male,27,30,Credit Card,Month-to-month,103.85,3144.47,2,0
CUST0337,Female,46,57,Credit Card,Month-to-month,87.91,5025.0,2,0
CUST0951,Female,35,26,Credit Card,Two year,65.48,1678.49,2,0
CUST0935,Male,46,6,Bank Transfer,One year,79.87,461.34,2,0
CUST0947,Male,46,55,Bank Transfer,One year,57.86,3203.3,2,0
CUST0604,Male,28,67,Credit Card,Month-to-month,56.21,3748.84,2,0
CUST0622,Male,43,41,Credit Card,Two year,87.52,3602.36,1,0
CUST0095,Female,19,54,Credit Card,Month-to-month,53.66,2920.68,0,0
CUST0012,Female,72,48,PayPal,Month-to-month,102.08,4898.84,1,1
CUST0397,Female,47,64,Bank Transfer,Month-to-month,54.04,3458.86,2,0
CUST0542,Female,36,60,Credit Card,Two year,23.3,1395.89,1,0
CUST0044,Female,19,59,Bank Transfer,Month-to-month,36.31,2168.26,2,0
CUST0043,Male,22,3,Credit Card,One year,31.33,97.7,2,0
CUST0330,Male,38,15,Bank Transfer,Month-to-month,21.29,307.38,1,0
CUST0168,Male,53,20,Bank Transfer,Month-to-month,37.51,744.61,3,0
CUST0417,Male,71,63,Credit Card,Month-to-month,50.86,3189.73,1,0
CUST0889,Male,32,16,Bank Transfer,Two year,53.0,831.25,3,0
CUST0936,Male,47,24,PayPal,Month-to-month,66.27,1592.43,0,0
CUST0768,Female,22,4,Bank Transfer,Month-to-month,109.71,440.08,2,1
CUST0101,Male,60,12,Credit Card,Two year,29.14,349.68,0,0
CUST0427,Male,50,69,Credit Card,Month-to-month,85.6,5913.03,4,0
CUST0895,Female,56,71,Bank Transfer,Month-to-month,41.24,2935.3,1,0
CUST0976,Male,72,28,PayPal,Month-to-month,84.49,2342.49,0,0
CUST0695,Male,25,26,Credit Card,Two year,24.69,643.02,2,0
CUST0623,Male,19,54,Bank Transfer,Month-to-month,98.17,5297.55,1,0
CUST0258,Female,42,17,Bank Transfer,Month-to-month,40.94,694.73,2,1
CUST0336,Male,63,71,Bank Transfer,Month-to-month,105.73,7483.42,1,0
CUST0016,Male,69,39,PayPal,Month-to-month,48.71,1873.48,2,0
CUST0836,Male,43,38,Bank Transfer,Two year,67.05,2553.42,5,0
CUST0325,Female,44,66,PayPal,Two year,50.77,3354.15,3,0
CUST0993,Male,29,57,Bank Transfer,One year,29.1,1669.65,1,0
CUST0223,Male,57,59,Bank Transfer,Month-to-month,80.62,4753.88,1,0
CUST0180,Male,67,44,Bank Transfer,One year,50.58,2238.79,1,0
CUST0999,Female,32,51,Credit Card,Month-to-month,24.73,1278.13,2,0
CUST0522,Male,74,47,PayPal,Month-to-month,44.67,2100.26,4,0
CUST0023,Male,28,14,PayPal,Two year,25.26,344.05,2,0
CUST0357,Male,39,63,PayPal,Two year,66.37,4196.55,0,0
CUST0970,Male,52,26,Credit Card,Month-to-month,32.54,863.44,0,0
CUST0874,Male,70,29,PayPal,Month-to-month,25.31,742.5,0,0
CUST0341,Female,53,39,Credit Card,Two year,29.99,1164.48,1,0
CUST0432,Female,57,23,Bank Transfer,Two year,24.27,549.27,0,0
CUST0560,Female,45,32,PayPal,One year,51.04,1624.5,0,0
CUST0846,Male,71,44,Credit Card,Month-to-month,98.27,4317.22,1,1
CUST0204,Female,67,47,Credit Card,Month-to-month,43.01,2031.46,1,0
CUST0712,Female,52,61,Credit Card,One year,37.62,2288.27,0,0
CUST0094,Female,33,9,Bank Transfer,One year,49.26,443.34,1,0
CUST0963,Male,49,59,PayPal,Month-to-month,28.06,1647.46,3,0
CUST0069,Male,25,8,Credit Card,Month-to-month,92.69,721.41,2,0
CUST0793,Female,38,39,Bank Transfer,One year,18.58,717.15,1,0
CUST0285,Female,21,64,Credit Card,Month-to-month,105.86,6787.95,1,0
CUST0817,Female,63,42,Credit Card,Month-to-month,71.16,2998.75,3,0
CUST0435,Male,18,71,Credit Card,Two year,57.99,4118.57,0,0
CUST0154,Male,42,63,Bank Transfer,Two year,36.84,2316.8,0,0
CUST0076,Female,22,16,Bank Transfer,Two year,61.97,985.82,1,0
CUST0742,Male,52,30,Bank Transfer,Month-to-month,21.5,669.03,0,0
CUST0447,Female,30,37,Bank Transfer,Month-to-month,94.64,3505.27,3,0
CUST0189,Female,64,1,Credit Card,Two year,39.48,52.9,3,0
CUST0272,Female,57,6,PayPal,Month-to-month,23.39,150.69,2,1
CUST0237,Male,36,34,PayPal,Two year,78.07,2631.01,1,0
CUST0488,Male,39,44,Bank Transfer,Two year,65.01,2869.8,1,0
CUST0118,Male,19,50,PayPal,One year,44.22,2212.85,1,0
CUST0831,Male,47,54,PayPal,Month-to-month,43.64,2364.25,2,0
CUST0513,Female,68,31,PayPal,Month-to-month,49.32,1538.16,1,0
CUST0931,Male,57,46,Bank Transfer,One year,21.88,1005.46,1,0
CUST0602,Male,59,18,Credit Card,Month-to-month,61.96,1113.83,2,0
CUST0127,Female,27,63,Credit Card,One year,83.8,5269.34,0,0
CUST0117,Female,64,6,Credit Card,Month-to-month,91.56,553.0,0,1
CUST0474,Female,70,38,Bank Transfer,One year,27.14,1058.86,2,0
CUST0704,Male,60,46,Bank Transfer,Month-to-month,39.36,1814.99,3,0
CUST0058,Male,36,49,Bank Transfer,Month-to-month,52.43,2571.77,2,0
CUST0685,Female,63,43,Credit Card,Month-to-month,92.77,3988.66,2,0
CUST0925,Male,57,51,PayPal,Month-to-month,30.76,1572.19,2,1
CUST0370,Male,39,22,Credit Card,One year,54.47,1197.53,1,0
CUST0269,Male,19,31,Bank Transfer,Month-to-month,80.44,2506.51,2,0
CUST0047,Male,56,31,Credit Card,Month-to-month,59.24,1843.86,2,0
CUST0350,Female,38,23,Credit Card,Month-to-month,39.85,898.04,0,0
CUST0196,Male,36,38,PayPal,Month-to-month,97.71,3719.71,2,0
CUST0847,Male,43,6,Credit Card,Two year,50.0,314.63,1,0
CUST0979,Female,59,45,PayPal,One year,53.01,2404.38,2,0
CUST0264,Female,54,61,Bank Transfer,Month-to-month,86.52,5273.53,2,0
CUST0444,Male,46,19,Bank Transfer,Two year,65.78,1222.67,0,0
CUST0686,Female,73,28,PayPal,Month-to-month,48.61,1359.51,2,1
CUST0305,Female,65,61,Bank Transfer,Two year,40.43,2455.62,1,0
CUST0342,Male,63,60,Bank Transfer,Month-to-month,60.25,3598.66,0,0
CUST0644,Male,38,1,Bank Transfer,One year,26.29,28.97,0,0
CUST0982,Female,59,26,PayPal,Month-to-month,21.13,538.73,2,1
CUST0150,Male,39,1,PayPal,Two year,65.15,68.89,1,0
CUST0125,Male,32,21,Bank Transfer,Two year,81.03,1696.33,1,0
CUST0888,Male,25,8,Credit Card,Month-to-month,50.23,414.46,2,0
CUST0835,Female,73,43,PayPal,Month-to-month,94.13,4050.21,1,0
CUST0051,Female,37,41,PayPal,Month-to-month,94.84,3905.13,2,1
CUST0354,Male,62,15,Bank Transfer,Two year,34.79,537.76,1,0
CUST0941,Male,66,25,Credit Card,Month-to-month,56.46,1394.35,2,1
CUST0143,Female,70,52,Bank Transfer,One year,37.73,1958.64,1,0
CUST0471,Male,20,52,Bank Transfer,Month-to-month,63.23,3269.37,3,0
CUST0400,Female,49,54,Bank Transfer,One year,34.15,1844.1,2,0
CUST0636,Male,55,5,Credit Card,One year,27.18,153.7,1,0
CUST0321,Female,22,62,Credit Card,Two year,50.31,3123.31,0,0
CUST0020,Male,66,13,Credit Card,One year,25.4,330.2,1,0
CUST0923,Female,54,63,Bank Transfer,Two year,28.46,1801.07,1,0
CUST0802,Male,39,66,Bank Transfer,Two year,24.97,1657.79,1,0
CUST0821,Female,67,39,Credit Card,Two year,52.7,2061.67,1,0
CUST0408,Male,51,48,PayPal,Month-to-month,38.19,1829.77,1,0
CUST0538,Male,46,66,Bank Transfer,Month-to-month,37.36,2465.9,1,0
CUST0631,Female,66,62,PayPal,One year,34.32,2109.21,2,0
CUST0039,Female,65,57,Credit Card,Month-to-month,75.05,4274.8,2,0
CUST0176,Male,46,27,Bank Transfer,Two year,73.1,1975.23,1,0
CUST0246,Female,72,63,Bank Transfer,One year,76.55,4809.21,1,0
CUST0954,Female,73,44,Bank Transfer,Month-to-month,47.87,2124.49,1,0
CUST0678,Male,73,57,Bank Transfer,Month-to-month,59.85,3423.51,1,0
CUST0766,Female,72,4,Credit Card,Two year,65.62,281.07,1,0
CUST0871,Male,73,29,PayPal,Two year,25.3,713.39,1,0
CUST0155,Female,62,4,Bank Transfer,Month-to-month,90.49,366.6,3,1
CUST0288,Female,60,17,Credit Card,Month-to-month,101.37,1738.16,1,1
CUST0763,Male,28,53,Credit Card,One year,41.89,2250.97,0,0
CUST0570,Male,54,65,Bank Transfer,Two year,70.0,4552.22,1,0
CUST0755,Male,27,41,PayPal,Two year,53.04,2196.53,1,0
CUST0018,Female,25,59,Bank Transfer,Two year,81.38,4827.56,1,0
CUST0128,Female,26,28,Bank Transfer,Month-to-month,27.42,750.34,3,0
CUST0323,Female,21,45,PayPal,One year,29.26,1322.34,4,0
CUST0256,Female,23,17,Bank Transfer,One year,92.35,1589.82,0,0
CUST0668,Male,25,69,PayPal,One year,42.14,2901.27,3,0
CUST0980,Female,74,46,PayPal,Two year,22.59,1041.1,0,0
CUST0191,Male,21,30,Credit Card,Month-to-month,51.48,1537.45,3,0
CUST0116,Female,52,56,Bank Transfer,Month-to-month,94.27,5230.33,0,0
CUST0627,Male,43,43,Credit Card,Month-to-month,66.55,2865.86,2,0
CUST0607,Male,25,59,Credit Card,Month-to-month,84.72,5000.25,1,0
CUST0181,Male,44,26,PayPal,Month-to-month,62.19,1607.18,1,0
CUST0302,Female,55,48,PayPal,One year,77.73,3724.09,2,0
CUST0771,Male,38,1,Bank Transfer,Month-to-month,22.74,43.01,1,0
CUST0724,Female,28,54,Credit Card,Month-to-month,68.83,3711.45,1,0
CUST0735,Male,66,26,Credit Card,Two year,42.59,1117.26,2,0
CUST0696,Female,28,42,Credit Card,One year,97.13,4084.41,1,0
CUST0791,Male,40,37,Credit Card,One year,48.44,1792.61,3,0
CUST0518,Female,39,26,PayPal,Month-to-month,96.63,2524.94,1,0
CUST1000,Male,72,42,Credit Card,Two year,23.52,999.44,0,0
CUST0046,Female,64,59,Bank Transfer,One year,49.16,2891.19,0,0
CUST0922,Male,20,60,Credit Card,One year,31.01,1854.24,1,0
CUST0158,Female,66,9,PayPal,Month-to-month,73.81,670.54,3,1
CUST0756,Female,60,10,PayPal,Month-to-month,97.12,971.2,1,1
CUST0172,Male,59,24,PayPal,Month-to-month,56.16,1373.38,3,1
CUST0017,Male,33,68,Credit Card,Month-to-month,57.4,3895.65,1,0
CUST0512,Male,35,39,Bank Transfer,Two year,60.22,2326.51,3,0
CUST0049,Female,50,62,PayPal,One year,65.76,4099.16,0,0
CUST0987,Female,39,64,Bank Transfer,Month-to-month,109.36,6985.72,2,0
CUST0853,Male,39,14,PayPal,Month-to-month,76.27,1049.38,3,0
CUST0516,Male,49,4,Credit Card,Two year,58.04,235.64,2,0
CUST0697,Male,50,27,Credit Card,One year,33.14,886.88,1,0
CUST0481,Female,45,50,PayPal,Month-to-month,55.62,2765.88,0,0
CUST0284,Male,30,59,Credit Card,Month-to-month,49.33,2927.91,0,0
CUST0746,Female,38,45,Bank Transfer,Two year,36.33,1621.56,1,0
CUST0665,Male,29,3,PayPal,One year,56.58,152.18,0,0
CUST0226,Male,20,60,Bank Transfer,Month-to-month,24.15,1433.2,1,0
CUST0027,Male,34,25,PayPal,One year,75.87,1909.6,1,0
CUST0794,Female,61,48,Bank Transfer,Month-to-month,61.11,2950.73,1,0
CUST0438,Female,51,29,Bank Transfer,Month-to-month,48.26,1396.29,2,0
CUST0965,Male,55,19,Bank Transfer,Two year,35.52,678.4,3,0
CUST0365,Female,40,41,Bank Transfer,One year,56.7,2298.85,0,0
CUST0230,Female,35,39,Bank Transfer,Month-to-month,48.04,1857.36,1,0
CUST0038,Male,67,62,Bank Transfer,Month-to-month,92.76,5740.91,1,0
CUST0981,Male,72,55,Credit Card,Month-to-month,87.19,4818.99,1,0
CUST0375,Male,40,9,Credit Card,One year,92.85,800.32,1,1
CUST0470,Female,46,52,PayPal,One year,68.16,3556.69,2,0
CUST0983,Male,70,25,Bank Transfer,One year,70.2,1750.63,1,0
CUST0914,Male,55,25,Credit Card,Two year,24.96,623.09,2,0
CUST0715,Male,33,12,Credit Card,Month-to-month,102.67,1251.76,2,1
CUST0737,Male,53,54,Bank Transfer,Two year,24.51,1303.24,0,0
CUST0195,Male,43,62,Credit Card,Month-to-month,76.67,4738.36,0,0
CUST0867,Male,24,59,Credit Card,One year,37.17,2218.51,3,0
CUST0877,Female,26,12,Bank Transfer,Month-to-month,46.59,587.87,1,1
CUST0504,Female,32,10,Credit Card,Two year,46.12,487.11,2,0
CUST0985,Female,51,6,Credit Card,One year,36.82,229.98,1,1
CUST0843,Male,55,68,Bank Transfer,Two year,20.6,1406.0,1,0
CUST0580,Male,61,15,Bank Transfer,One year,43.6,645.32,1,0
CUST0984,Male,73,65,Bank Transfer,Two year,29.17,1901.85,2,0
CUST0163,Female,26,25,Credit Card,Month-to-month,47.64,1195.2,1,0
CUST0713,Male,48,68,PayPal,Month-to-month,38.31,2607.73,0,0
CUST0153,Male,47,40,Bank Transfer,One year,88.57,3530.59,2,0
CUST0930,Male,40,68,Credit Card,Month-to-month,87.26,5912.73,1,0
CUST0717,Female,66,12,Credit Card,One year,45.44,559.94,0,0
CUST0844,Female,19,22,Bank Transfer,Two year,21.35,475.79,2,0
CUST0112,Male,37,17,Credit Card,Month-to-month,20.61,378.58,0,0
CUST0227,Female,50,51,Credit Card,Month-to-month,103.77,5319.18,0,0
CUST0760,Female,36,52,Bank Transfer,Month-to-month,84.56,4410.79,2,1
CUST0104,Female,44,27,PayPal,One year,69.19,1873.31,1,0
CUST0422,Female,41,43,Bank Transfer,Month-to-month,41.62,1794.19,2,0
CUST0420,Female,32,12,PayPal,Month-to-month,72.34,854.93,3,0
CUST0762,Male,41,1,PayPal,Month-to-month,104.5,120.94,3,0
CUST0587,Male,46,14,Bank Transfer,Month-to-month,80.55,1122.71,1,0
CUST0899,Male,66,44,Credit Card,Month-to-month,66.16,2927.12,0,0
CUST0673,Male,38,45,PayPal,One year,74.36,3327.84,1,0
CUST0054,Female,32,4,PayPal,Two year,71.63,274.94,1,1
CUST0152,Male,51,48,PayPal,Month-to-month,104.92,5043.59,3,1
CUST0404,Female,46,16,Bank Transfer,Month-to-month,96.83,1548.06,3,1
CUST0959,Male,72,56,Bank Transfer,Month-to-month,63.52,3558.48,1,0
CUST0208,Female,56,23,Bank Transfer,Two year,49.31,1129.36,1,0
CUST0659,Female,72,29,Credit Card,Month-to-month,68.36,1979.08,3,1
CUST0856,Male,46,51,Credit Card,One year,64.18,3269.55,1,0
CUST0774,Male,21,61,PayPal,Month-to-month,39.86,2426.53,0,0
CUST0009,Female,20,38,Credit Card,Month-to-month,31.75,1196.64,1,0
CUST0820,Male,37,27,Credit Card,Month-to-month,42.58,1163.04,3,0
CUST0037,Male,50,38,Credit Card,Month-to-month,76.43,2910.28,3,0
CUST0453,Male,41,70,PayPal,One year,43.29,3034.39,3,0
CUST0652,Female,56,46,Credit Card,Month-to-month,55.47,2537.38,2,0
CUST0254,Male,34,47,Credit Card,Two year,32.88,1560.62,0,0
CUST0304,Female,38,24,Bank Transfer,Month-to-month,95.6,2307.03,1,0
CUST0758,Female,37,7,Bank Transfer,Two year,41.9,306.69,3,0
CUST0572,Female,62,36,Credit Card,Two year,25.85,930.6,0,0
CUST0624,Male,67,44,PayPal,Two year,56.65,2476.75,3,0
CUST0721,Female,38,46,Credit Card,Two year,62.11,2831.39,3,0
CUST0731,Male,48,45,Credit Card,One year,41.63,1881.05,2,0
CUST0263,Male,71,14,Credit Card,Two year,48.56,652.1,1,0
CUST0611,Male,62,70,PayPal,Two year,23.24,1615.18,2,0
CUST0298,Male,55,19,Credit Card,Month-to-month,52.69,993.61,1,0
CUST0415,Female,72,27,Bank Transfer,One year,37.89,1023.03,1,0
CUST0151,Female,53,42,Bank Transfer,Month-to-month,41.21,1735.14,0,0
CUST0800,Female,71,30,Credit Card,Month-to-month,83.51,2512.19,1,0
CUST0641,Male,62,66,Bank Transfer,Month-to-month,48.56,3208.67,2,0
CUST0902,Male,47,56,Credit Card,Two year,66.9,3730.73,2,0
CUST0551,Female,48,40,PayPal,Month-to-month,72.44,2895.82,1,0
CUST0803,Female,36,12,Credit Card,Two year,85.22,1019.48,4,0
CUST0489,Female,33,34,Credit Card,One year,72.01,2455.56,2,0
CUST0711,Female,44,11,Credit Card,Two year,44.74,497.66,0,0
CUST0148,Female,38,56,Bank Transfer,Month-to-month,60.09,3374.95,1,0
CUST0147,Female,65,58,PayPal,Month-to-month,20.46,1185.96,2,0
CUST0732,Female,31,23,Bank Transfer,Month-to-month,103.19,2356.22,2,1
CUST0945,Male,53,47,PayPal,Two year,51.72,2410.7,2,0
CUST0751,Male,46,38,Bank Transfer,Month-to-month,91.77,3498.81,1,0
CUST0660,Female,23,70,Bank Transfer,One year,33.55,2327.54,1,0
CUST0349,Male,66,4,PayPal,One year,82.24,314.42,1,0
CUST0464,Female,56,19,Bank Transfer,One year,54.12,1028.81,1,0
CUST0326,Female,73,31,Credit Card,Two year,31.28,969.68,2,0
CUST0187,Female,42,48,Bank Transfer,Two year,60.06,2830.88,1,0
CUST0124,Male,23,49,PayPal,Month-to-month,90.92,4437.08,0,0
CUST0866,Female,60,53,PayPal,One year,95.42,5087.58,1,0
CUST0609,Female,74,68,Credit Card,One year,94.45,6429.35,0,0
CUST0144,Male,32,58,Bank Transfer,Month-to-month,47.54,2757.32,0,0
CUST0974,Male,34,22,Bank Transfer,One year,54.0,1188.64,0,0
CUST0198,Female,45,52,PayPal,Two year,86.39,4498.3,1,0
CUST0610,Female,57,21,Bank Transfer,Month-to-month,42.58,880.22,0,0
CUST0280,Female,51,5,Bank Transfer,Month-to-month,97.66,477.96,1,1
CUST0294,Male,18,19,Bank Transfer,One year,32.98,625.25,2,0
CUST0401,Male,59,16,Credit Card,Month-to-month,57.11,926.03,2,1
CUST0123,Male,20,11,PayPal,Two year,17.84,207.28,2,0
CUST0184,Female,52,50,PayPal,Month-to-month,32.78,1636.04,5,0
CUST0203,Male,59,70,Credit Card,Month-to-month,25.05,1757.77,3,0
CUST0439,Female,68,67,Credit Card,One year,58.44,3915.13,3,0
CUST0247,Male,73,54,Credit Card,Month-to-month,40.87,2231.02,1,0
CUST0416,Male,64,7,PayPal,Two year,74.49,502.29,2,0
CUST0788,Male,71,59,Bank Transfer,Month-to-month,38.13,2252.66,3,0
CUST0946,Male,54,63,Bank Transfer,Month-to-month,20.7,1294.39,3,0
CUST0919,Female,32,28,Credit Card,Month-to-month,95.37,2670.36,3,0
CUST0864,Male,33,69,Bank Transfer,One year,35.26,2442.34,2,0
CUST0900,Male,34,1,PayPal,Month-to-month,96.03,76.5,5,1
CUST0130,Female,49,6,Credit Card,Month-to-month,63.71,386.17,2,0
CUST0638,Male,47,70,Credit Card,Two year,55.41,3851.9,1,0
CUST0403,Female,31,59,Credit Card,Month-to-month,71.82,4244.43,2,0
CUST0810,Male,29,6,Credit Card,One year,51.57,319.92,3,0
CUST0782,Female,28,32,PayPal,Two year,62.86,2008.16,3,0
CUST0736,Female,49,25,PayPal,Two year,63.79,1603.74,0,0
CUST0926,Male,25,56,Credit Card,Two year,32.58,1824.2,3,0
CUST0220,Female,60,56,Credit Card,Month-to-month,93.59,5248.17,1,0
CUST0642,Male,49,45,PayPal,Month-to-month,39.83,1792.44,0,0
CUST0928,Female,61,32,Bank Transfer,Two year,75.17,2389.67,0,0
CUST0897,Male,72,22,Bank Transfer,One year,33.02,733.75,3,1
CUST0957,Female,19,43,Bank Transfer,One year,27.64,1201.45,2,0
CUST0933,Female,63,26,Bank Transfer,Month-to-month,84.0,2191.94,2,1
CUST0625,Female,29,5,Credit Card,Month-to-month,66.5,342.78,2,1
CUST0851,Male,57,55,Credit Card,One year,46.12,2559.93,1,0
CUST0924,Female,74,57,Credit Card,Month-to-month,44.01,2493.58,1,0
CUST0387,Male,38,58,PayPal,Month-to-month,79.2,4590.2,1,0
CUST0988,Male,30,43,Bank Transfer,One year,81.0,3470.1,1,0
CUST0510,Female,74,16,PayPal,Two year,23.79,345.63,2,0
CUST0268,Female,38,13,Bank Transfer,One year,80.63,1033.62,2,0
CUST0961,Male,45,55,Credit Card,Month-to-month,42.86,2316.08,1,0
CUST0442,Female,18,46,Credit Card,One year,25.06,1152.76,2,0
CUST0497,Female,31,57,Bank Transfer,One year,29.21,1648.64,3,0
CUST0113,Female,61,32,Credit Card,Month-to-month,67.11,2158.54,1,0
CUST0692,Male,55,12,Bank Transfer,One year,50.65,590.92,0,0
CUST0233,Female,72,61,Credit Card,Two year,16.12,979.16,2,0
CUST0882,Female,59,8,PayPal,Two year,74.84,604.59,1,0
CUST0608,Male,57,69,PayPal,Month-to-month,69.28,4757.69,1,0
CUST0672,Female,23,19,PayPal,Month-to-month,38.81,727.26,2,0
CUST0374,Female,54,3,Bank Transfer,Month-to-month,82.69,246.26,1,1
CUST0997,Female,59,47,PayPal,Month-to-month,101.88,4772.38,1,0
CUST0855,Male,25,28,PayPal,Month-to-month,81.17,2272.76,0,0
CUST0234,Female,27,54,Credit Card,Two year,43.1,2308.56,3,0
CUST0797,Female,58,39,Bank Transfer,Month-to-month,60.52,2354.59,0,0
CUST0677,Male,46,60,Credit Card,Month-to-month,42.73,2556.82,2,0
CUST0318,Male,36,40,Bank Transfer,Month-to-month,97.82,3921.31,1,0
CUST0649,Female,24,54,PayPal,Month-to-month,97.46,5290.48,4,0
CUST0411,Male,45,4,Credit Card,One year,62.06,229.19,1,1
CUST0911,Female,51,6,Credit Card,Month-to-month,43.62,255.76,0,0
CUST0710,Female,62,7,Bank Transfer,Month-to-month,47.93,332.19,1,1
CUST0359,Female,71,11,Credit Card,One year,27.38,296.56,3,1
CUST0259,Female,56,38,Credit Card,Month-to-month,87.52,3354.98,0,1
CUST0745,Male,22,30,Bank Transfer,One year,24.28,736.17,0,0
CUST0628,Female,40,31,Bank Transfer,One year,86.7,2704.97,2,0
CUST0633,Female,74,40,Bank Transfer,Month-to-month,35.28,1425.11,2,0
CUST0283,Male,74,70,Bank Transfer,Month-to-month,97.29,6802.75,2,0
CUST0377,Female,49,14,Bank Transfer,Month-to-month,70.57,993.18,0,0
CUST0385,Female,72,28,Bank Transfer,Month-to-month,58.34,1646.32,2,1
CUST0225,Male,67,65,Bank Transfer,Month-to-month,44.92,2911.84,0,0
CUST0969,Female,41,37,Credit Card,Two year,52.66,1925.99,0,0
CUST0827,Male,29,15,Credit Card,One year,93.41,1402.77,1,0
CUST0473,Male,46,19,PayPal,Two year,31.78,635.42,3,0
CUST0348,Male,50,56,Credit Card,Month-to-month,56.13,3144.29,2,0
CUST0506,Male,28,66,Credit Card,Month-to-month,104.31,6900.19,4,0
CUST0640,Male,47,22,PayPal,One year,23.17,506.25,0,0
CUST0798,Female,42,4,Credit Card,One year,38.63,155.24,0,0
CUST0942,Female,53,20,Credit Card,One year,18.22,359.55,1,0
CUST0918,Female,69,43,Bank Transfer,Two year,65.69,2858.15,1,0
CUST0620,Female,33,44,Bank Transfer,Month-to-month,40.82,1792.47,5,1
CUST0868,Male,33,39,Credit Card,Two year,79.55,3085.12,0,0
CUST0913,Female,67,43,PayPal,One year,76.17,3268.4,1,0
CUST0646,Female,30,39,PayPal,Month-to-month,101.56,4012.05,2,0
CUST0859,Female,47,58,PayPal,Month-to-month,90.94,5269.94,0,0
CUST0557,Male,19,27,Bank Transfer,One year,57.46,1560.18,1,0
CUST0973,Female,40,54,Credit Card,Two year,46.12,2473.38,2,0
CUST0578,Female,54,66,Bank Transfer,One year,85.75,5678.56,3,0
CUST0796,Female,40,48,Credit Card,One year,22.25,1055.73,1,0
CUST0086,Male,66,15,Bank Transfer,Month-to-month,102.06,1523.41,1,1
CUST0243,Female,27,40,PayPal,One year,78.98,3168.47,0,0
CUST0699,Male,55,38,PayPal,Two year,51.14,1945.12,1,0
CUST0160,Female,21,56,Credit Card,One year,70.39,3923.49,1,0
CUST0525,Female,32,2,Bank Transfer,Two year,72.81,162.96,1,0
CUST0036,Female,73,22,Bank Transfer,Month-to-month,48.45,1054.7,0,1
CUST0541,Female,20,2,Bank Transfer,One year,84.55,153.74,1,0
CUST0171,Female,63,67,Bank Transfer,One year,69.52,4652.66,2,0
CUST0655,Male,32,58,Credit Card,Two year,18.54,1084.02,3,0
CUST0903,Male,46,50,PayPal,Month-to-month,78.89,3949.6,1,0
CUST0870,Female,64,71,Bank Transfer,Month-to-month,25.01,1775.71,3,0
CUST0860,Male,34,45,Bank Transfer,Month-to-month,22.16,1017.64,3,0
CUST0966,Male,27,28,Bank Transfer,One year,79.59,2223.03,2,0
CUST0734,Female,67,57,Bank Transfer,Two year,36.83,2101.28,0,0
CUST0096,Female,41,1,Credit Card,Two year,79.81,93.77,1,0
CUST0564,Male,46,10,Credit Card,Month-to-month,93.18,923.6,3,1
CUST0241,Female,63,55,PayPal,Two year,36.26,1994.3,1,0
CUST0743,Female,20,17,PayPal,Month-to-month,50.51,836.4,3,1
CUST0575,Female,69,2,Credit Card,Month-to-month,54.91,110.44,2,1
CUST0691,Male,30,51,Credit Card,One year,58.93,3001.99,0,0
CUST0461,Male,20,54,Credit Card,Two year,55.21,2987.3,2,0
CUST0554,Female,44,37,PayPal,Two year,67.92,2518.64,0,0
CUST0891,Female,70,9,Credit Card,Month-to-month,50.42,442.78,1,1
CUST0207,Male,57,21,Bank Transfer,Month-to-month,35.07,757.99,5,1
CUST0393,Male,47,21,Credit Card,Month-to-month,84.14,1773.51,3,1
CUST0795,Male,22,46,Credit Card,Month-to-month,49.63,2268.62,3,0
CUST0398,Male,34,2,Credit Card,Month-to-month,66.56,135.49,1,0
CUST0767,Female,46,17,Bank Transfer,One year,87.95,1486.24,2,1
CUST0218,Female,63,55,Bank Transfer,Month-to-month,62.12,3411.44,1,0
CUST0005,Male,24,40,PayPal,Month-to-month,87.03,3487.41,1,0
CUST0769,Male,22,43,Credit Card,One year,52.58,2273.42,0,0
CUST0643,Male,45,69,Bank Transfer,Two year,53.1,3656.21,3,0
CUST0910,Male,61,43,Credit Card,Month-to-month,31.83,1375.97,1,0
CUST0739,Male,72,36,Credit Card,Two year,78.32,2841.31,1,0
CUST0547,Male,72,25,PayPal,Month-to-month,35.71,904.34,2,0
CUST0726,Female,46,4,Credit Card,Month-to-month,44.66,189.58,1,1
CUST0684,Female,73,23,PayPal,Month-to-month,95.47,2181.47,1,0
CUST0099,Male,46,32,PayPal,Two year,39.66,1242.75,0,0
CUST0805,Male,24,18,Credit Card,One year,80.04,1413.52,1,0
CUST0728,Female,52,7,PayPal,Month-to-month,64.03,452.87,2,0
CUST0574,Female,49,27,PayPal,Month-to-month,100.41,2729.23,2,1
CUST0407,Male,53,47,PayPal,Month-to-month,27.84,1301.68,1,0
CUST0503,Male,62,59,Credit Card,One year,87.3,5139.12,2,0
CUST0048,Female,21,69,Credit Card,One year,66.12,4566.79,0,0
CUST0033,Male,31,67,Credit Card,Month-to-month,64.51,4332.28,0,0
CUST0780,Female,42,43,PayPal,Month-to-month,65.25,2809.46,2,0
CUST0840,Female,19,59,Credit Card,Month-to-month,60.28,3556.52,3,0
CUST0201,Female,74,21,PayPal,Two year,81.63,1714.23,1,0
CUST0135,Female,19,38,Bank Transfer,One year,40.17,1521.82,0,0
CUST0028,Female,23,32,PayPal,Two year,42.04,1339.14,2,0
CUST0893,Female,63,71,PayPal,Two year,29.5,2101.52,0,0
CUST0231,Female,47,63,PayPal,One year,86.5,5457.16,1,0
CUST0490,Female,58,42,Bank Transfer,Month-to-month,65.99,2756.18,1,0
CUST0773,Male,67,50,PayPal,Two year,78.93,3929.44,2,0
CUST0379,Female,69,23,Credit Card,Month-to-month,103.37,2374.22,0,0
CUST0289,Male,71,14,Credit Card,Month-to-month,26.18,370.53,0,1
CUST0419,Female,71,63,Bank Transfer,Month-to-month,71.34,4487.2,3,0
CUST0675,Male,52,13,PayPal,Two year,87.68,1122.22,1,0
CUST0392,Male,35,11,Credit Card,Month-to-month,88.34,963.66,0,0
CUST0593,Male,38,45,Credit Card,One year,81.42,3664.06,0,0
CUST0499,Female,36,31,Credit Card,Two year,77.7,2421.11,2,0
CUST0139,Male,36,43,Bank Transfer,Month-to-month,49.53,2155.67,1,0
CUST0063,Female,46,15,PayPal,Two year,37.13,552.32,3,0
CUST0472,Female,32,36,Bank Transfer,Two year,63.64,2263.48,0,0
CUST0648,Female,53,29,PayPal,One year,61.16,1773.42,1,0
CUST0129,Male,50,17,Credit Card,Two year,59.2,1006.59,0,0
CUST0992,Female,68,21,Credit Card,Two year,47.98,999.68,1,0
CUST0521,Female,64,65,Credit Card,One year,73.11,4779.52,1,0
CUST0839,Female,30,33,PayPal,Two year,44.24,1454.22,5,0
CUST0978,Male,48,60,Bank Transfer,Month-to-month,44.1,2633.86,0,0
CUST0065,Male,35,24,Bank Transfer,Month-to-month,49.95,1207.78,1,0
CUST0813,Male,67,24,Credit Card,One year,41.51,982.17,2,0
CUST0015,Male,35,55,Bank Transfer,One year,32.8,1800.75,1,0
CUST0157,Female,18,27,Credit Card,Month-to-month,108.79,2930.41,2,0
CUST0041,Male,36,32,Bank Transfer,Two year,34.41,1107.72,0,0
CUST0493,Male,68,68,Credit Card,Two year,17.59,1188.44,0,0
CUST0380,Male,64,47,Bank Transfer,Two year,60.58,2835.15,2,0
CUST0188,Female,45,55,Credit Card,Two year,38.05,2087.74,3,0
CUST0764,Female,63,60,Bank Transfer,Month-to-month,62.79,3781.88,0,0
CUST0217,Male,74,53,Credit Card,Two year,54.16,2863.03,1,0
CUST0792,Female,28,17,Bank Transfer,Two year,75.08,1292.62,5,0
CUST0053,Female,24,22,PayPal,Month-to-month,85.08,1860.61,2,0
CUST0879,Male,68,19,Credit Card,One year,72.11,1353.05,0,0
CUST0338,Female,72,30,Bank Transfer,Month-to-month,60.09,1820.35,1,1
CUST0749,Female,42,53,PayPal,Two year,83.25,4391.48,1,0
CUST0720,Female,28,37,Credit Card,Month-to-month,76.6,2823.69,0,0
CUST0725,Female,47,57,Bank Transfer,Month-to-month,78.82,4504.16,1,0
CUST0296,Female,20,35,Credit Card,Month-to-month,25.53,905.03,3,0
CUST0252,Male,63,8,Bank Transfer,Two year,69.57,571.22,1,0
CUST0727,Male,70,49,Bank Transfer,Month-to-month,73.38,3574.15,0,0
CUST0462,Female,24,30,Bank Transfer,Two year,18.96,564.88,2,0
CUST0456,Female,24,2,PayPal,Month-to-month,94.96,197.25,4,1
CUST0816,Female,46,30,PayPal,Two year,59.88,1800.34,2,0
CUST0863,Female,72,69,Credit Card,Two year,69.91,4837.72,2,0
CUST0270,Male,60,35,Credit Card,One year,20.57,693.96,1,0
CUST0202,Male,58,5,Credit Card,Month-to-month,39.94,203.82,2,1
CUST0162,Female,66,14,Credit Card,One year,69.71,957.96,3,1
CUST0556,Male,60,57,Credit Card,Two year,39.64,2268.87,2,0
CUST0730,Male,55,54,Bank Transfer,Month-to-month,41.83,2249.27,3,0
CUST0402,Female,68,18,Credit Card,Month-to-month,26.5,458.84,0,0
CUST0703,Male,29,6,Credit Card,Month-to-month,76.57,476.07,1,1
CUST0477,Male,43,20,PayPal,Month-to-month,22.42,450.65,2,1
CUST0822,Male,65,9,Credit Card,Month-to-month,101.8,909.89,1,0
CUST0772,Female,29,71,PayPal,Month-to-month,85.42,6102.15,1,0
CUST0106,Male,64,12,Credit Card,Month-to-month,53.03,625.84,0,1
CUST0566,Female,42,20,Bank Transfer,Month-to-month,89.7,1791.19,0,0
CUST0390,Female,23,48,Bank Transfer,One year,65.51,3160.28,4,0
CUST0002,Female,74,13,Bank Transfer,Month-to-month,23.9,331.98,1,0
CUST0998,Male,32,40,Credit Card,Month-to-month,96.66,3856.04,1,0
CUST0562,Male,46,12,Credit Card,One year,29.05,338.28,2,1
CUST0932,Female,28,67,Bank Transfer,One year,94.83,6371.95,1,0
CUST0081,Female,43,13,PayPal,Month-to-month,101.29,1336.58,4,1
CUST0206,Male,62,18,PayPal,Two year,28.35,524.27,1,0
CUST0035,Female,71,3,Credit Card,One year,65.64,186.94,0,0
CUST0776,Male,66,8,Credit Card,Month-to-month,25.6,197.85,2,1
CUST0509,Female,47,16,Bank Transfer,Two year,28.85,444.78,0,0
CUST0428,Female,50,36,PayPal,Two year,37.71,1347.62,2,0
CUST0455,Male,34,36,Credit Card,One year,82.5,2976.58,1,0
CUST0367,Female,20,32,Bank Transfer,Month-to-month,89.12,2836.46,4,1
CUST0092,Female,42,57,Bank Transfer,Two year,73.87,4208.72,1,0
CUST0340,Male,22,69,Credit Card,Month-to-month,83.08,5734.33,1,0
CUST0898,Female,29,24,Credit Card,Month-to-month,36.39,889.87,1,0
CUST0565,Male,65,48,PayPal,Month-to-month,43.17,2074.38,3,0
CUST0346,Female,56,69,Bank Transfer,One year,71.73,4937.85,1,0
CUST0777,Male,59,24,Bank Transfer,Month-to-month,94.04,2255.82,1,0
CUST0242,Female,20,22,PayPal,Month-to-month,94.0,2096.34,1,1
CUST0014,Male,68,16,Credit Card,Month-to-month,82.46,1328.63,2,0
CUST0316,Female,64,37,Bank Transfer,Month-to-month,88.48,3278.24,0,0
CUST0601,Male,29,20,Credit Card,One year,97.48,1917.71,3,0
CUST0388,Male,19,41,Credit Card,One year,63.72,2615.41,1,0
CUST0274,Female,67,58,Credit Card,One year,43.98,2566.24,3,0
CUST0167,Male,27,26,PayPal,One year,25.14,629.54,3,0
CUST0841,Male,46,11,Credit Card,Month-to-month,85.7,953.98,1,1
CUST0647,Female,44,54,Credit Card,Two year,69.53,3756.46,4,0
CUST0819,Male,67,12,Bank Transfer,Month-to-month,108.8,1318.71,2,1
CUST0485,Female,18,22,Credit Card,Month-to-month,106.59,2341.57,1,0
CUST0996,Male,32,44,Bank Transfer,Two year,86.84,3822.17,1,0
CUST0505,Female,20,2,Credit Card,Month-to-month,47.85,95.7,5,1
CUST0832,Male,55,18,Bank Transfer,One year,56.25,1024.33,2,0
CUST0244,Male,55,1,PayPal,Two year,68.77,74.53,1,0
CUST0567,Male,53,39,Bank Transfer,Month-to-month,54.7,2120.63,0,0
CUST0876,Male,41,6,Bank Transfer,Month-to-month,29.34,187.57,0,1
CUST0563,Male,73,40,PayPal,Month-to-month,85.52,3444.35,1,0
CUST0968,Male,63,49,Credit Card,One year,18.6,917.32,5,0
CUST0687,Female,57,9,PayPal,Month-to-month,20.79,203.28,2,1
CUST0958,Male,48,23,Bank Transfer,Two year,20.96,473.72,2,0
CUST0190,Male,32,66,Bank Transfer,One year,23.74,1541.84,0,0
CUST0783,Male,49,18,Bank Transfer,Two year,60.28,1106.11,1,0
CUST0700,Male,65,43,Bank Transfer,Two year,74.54,3207.14,3,0
CUST0476,Female,49,57,Bank Transfer,Two year,50.9,2900.76,1,0
CUST0682,Male,23,42,PayPal,Two year,40.61,1710.32,4,0
CUST0511,Female,46,46,PayPal,Month-to-month,95.79,4425.08,2,0
CUST0059,Male,71,20,Bank Transfer,One year,66.99,1348.65,0,0
CUST0475,Female,60,70,Credit Card,One year,66.31,4612.52,3,0
CUST0561,Female,48,66,Credit Card,Two year,36.13,2406.08,0,0
CUST0857,Male,57,49,PayPal,Month-to-month,74.92,3679.72,3,0
CUST0748,Female,36,47,Credit Card,Month-to-month,43.08,2040.64,2,0
CUST0253,Female,59,62,Credit Card,One year,75.59,4680.43,0,0
CUST0022,Male,70,60,Credit Card,One year,26.48,1598.95,0,0
CUST0314,Female,20,58,PayPal,One year,44.43,2580.11,0,0
CUST0460,Male,66,69,Bank Transfer,Month-to-month,50.53,3449.43,2,0
CUST0161,Male,24,31,PayPal,One year,68.62,2131.64,0,0
CUST0277,Female,32,34,Credit Card,One year,81.38,2756.1,1,0
CUST0956,Male,39,51,PayPal,One year,72.85,3726.02,3,0
CUST0192,Female,46,3,Bank Transfer,Two year,78.1,270.93,0,0
CUST0386,Female,57,25,Credit Card,One year,96.39,2428.28,1,1
CUST0806,Female,21,53,PayPal,Two year,21.7,1125.45,1,0
CUST0414,Female,46,27,Credit Card,Month-to-month,55.75,1492.1,1,0
CUST0492,Female,61,7,Credit Card,Month-to-month,24.84,151.0,1,1
CUST0344,Male,66,45,Bank Transfer,Month-to-month,78.93,3551.47,0,0
CUST0309,Female,27,65,Credit Card,Month-to-month,80.66,5223.39,1,0
CUST0662,Female,37,29,Bank Transfer,Two year,35.55,1052.09,4,0
CUST0131,Male,65,19,Bank Transfer,Month-to-month,69.13,1304.32,1,0
CUST0664,Male,37,33,Bank Transfer,One year,86.44,2863.56,3,0
CUST0872,Male,65,3,Credit Card,Two year,20.16,31.58,0,0
CUST0100,Male,46,15,Credit Card,Month-to-month,24.9,350.58,0,0
CUST0373,Male,64,11,PayPal,One year,84.9,962.71,4,1
CUST0088,Female,24,53,Credit Card,One year,59.49,3145.28,2,0
CUST0459,Male,43,18,Credit Card,Month-to-month,74.12,1316.66,4,1
CUST0331,Male,69,43,Bank Transfer,Month-to-month,92.27,3983.98,2,0
CUST0215,Female,64,64,Bank Transfer,One year,54.55,3520.03,2,0
CUST0467,Male,66,43,PayPal,Month-to-month,54.87,2359.52,2,0
CUST0122,Female,39,49,PayPal,One year,69.97,3436.98,0,0
CUST0615,Female,29,61,Credit Card,Month-to-month,51.16,3113.2,2,0
CUST0021,Female,29,6,Bank Transfer,Two year,38.95,237.46,1,0
CUST0701,Female,44,19,PayPal,One year,26.04,495.25,3,1
CUST0072,Male,27,13,Credit Card,One year,19.53,269.09,1,0
CUST0107,Male,55,65,Credit Card,Two year,26.6,1709.42,2,0
CUST0271,Female,55,60,Bank Transfer,Month-to-month,68.15,4117.34,0,0
CUST0861,Female,37,22,PayPal,Two year,54.46,1172.03,0,0
CUST0436,Female,46,52,Credit Card,Month-to-month,72.11,3750.81,1,0
CUST0103,Male,56,8,PayPal,Month-to-month,58.54,458.75,0,0
